Workbook

Sheet Tổng hợp điểm
B1: ĐIỂM THI HK1-2018-2019(CT428)
B2: Ma CB | C2: 1043 | D2: Ho va ten | F2: Nguyen Minh Trung
B3: Ma NH | C3: CT428 | D3: Ma NH | F3: 8
B4: Nam hoc | C4: 2020-2021 | D4: Hoc ky | F4: 1
A6: S T T | B6: Mã SV | C6: Họ và Tên | D6: Điểm TH 1 | E6: Điểm TH 2 | F6: Điểm TH 3 | G6: Điểm BT lớn | H6: Điểm LT | I6: Điểm tổng | J6: Điểm theo thang điểm 10 | K6: Điểm chữ
A7: 1 | B7: 0B1505719 | C7: =VLOOKUP(B7,'Tham chiếu & thống kê'!B14:C27,2,FALSE) -> Nguyễn Văn Hiếu | D7: =VLOOKUP(B7,'Điểm thực hành các buổi'!$B$3:$F$16,3,FALSE) -> 0.45 | E7: =VLOOKUP(B7,'Điểm thực hành các buổi'!$B$3:$F$16,4,FALSE) -> 0.25 | F7: =VLOOKUP(B7,'Điểm thực hành các buổi'!$B$3:$F$16,5,FALSE) -> 0.3 | G7: =VLOOKUP(B7,'Điểm bài tập lớn'!$B$3:$D$16,3,FALSE) -> 0.5 | H7: =VLOOKUP(B7,'Điểm lý thuyết'!$B$3:$D$16,3,FALSE) -> 4.2 | I7: =IF(H7=-3,0,SUM(D7:G7)+0.6*H7) -> 4.02 | J7: =IF(OR(G7=0,VALUE(LEFT(B7,1))>2),0,I7+VLOOKUP(VALUE(LEFT(B7,1)),'Tham chiếu & thống kê'!$E$3:$F$5,2,FALSE)) -> 5.02 | K7: =VLOOKUP(J7,'Tham chiếu & thống kê'!$A$3:$B$10,2,TRUE) -> D+
A8: 2 | B8: 1B1505915 | C8: =VLOOKUP(B8,'Tham chiếu & thống kê'!B15:C28,2,FALSE) -> Lý Minh Trí | D8: =VLOOKUP(B8,'Điểm thực hành các buổi'!$B$3:$F$16,3,FALSE) -> 0.5 | E8: =VLOOKUP(B8,'Điểm thực hành các buổi'!$B$3:$F$16,4,FALSE) -> 0.35 | F8: =VLOOKUP(B8,'Điểm thực hành các buổi'!$B$3:$F$16,5,FALSE) -> 0.4 | G8: =VLOOKUP(B8,'Điểm bài tập lớn'!$B$3:$D$16,3,FALSE) -> 1 | H8: =VLOOKUP(B8,'Điểm lý thuyết'!$B$3:$D$16,3,FALSE) -> 5.8 | I8: =IF(H8=-3,0,SUM(D8:G8)+0.6*H8) -> 5.73 | J8: =IF(OR(G8=0,VALUE(LEFT(B8,1))>2),0,I8+VLOOKUP(VALUE(LEFT(B8,1)),'Tham chiếu & thống kê'!$E$3:$F$5,2,FALSE)) -> 6.23 | K8: =VLOOKUP(J8,'Tham chiếu & thống kê'!$A$3:$B$10,2,TRUE) -> C
A9: 3 | B9: 0B1509874 | C9: =VLOOKUP(B9,'Tham chiếu & thống kê'!B16:C29,2,FALSE) -> Nguyễn Kiều Mi | D9: =VLOOKUP(B9,'Điểm thực hành các buổi'!$B$3:$F$16,3,FALSE) -> 0.25 | E9: =VLOOKUP(B9,'Điểm thực hành các buổi'!$B$3:$F$16,4,FALSE) -> 0.25 | F9: =VLOOKUP(B9,'Điểm thực hành các buổi'!$B$3:$F$16,5,FALSE) -> 0.3 | G9: =VLOOKUP(B9,'Điểm bài tập lớn'!$B$3:$D$16,3,FALSE) -> 0.5 | H9: =VLOOKUP(B9,'Điểm lý thuyết'!$B$3:$D$16,3,FALSE) -> 5.8 | I9: =IF(H9=-3,0,SUM(D9:G9)+0.6*H9) -> 4.78 | J9: =IF(OR(G9=0,VALUE(LEFT(B9,1))>2),0,I9+VLOOKUP(VALUE(LEFT(B9,1)),'Tham chiếu & thống kê'!$E$3:$F$5,2,FALSE)) -> 5.78 | K9: =VLOOKUP(J9,'Tham chiếu & thống kê'!$A$3:$B$10,2,TRUE) -> C
A10: 4 | B10: 0B1509929 | C10: =VLOOKUP(B10,'Tham chiếu & thống kê'!B17:C30,2,FALSE) -> Đặng Duy Linh | D10: =VLOOKUP(B10,'Điểm thực hành các buổi'!$B$3:$F$16,3,FALSE) -> 0.4 | E10: =VLOOKUP(B10,'Điểm thực hành các buổi'!$B$3:$F$16,4,FALSE) -> 0.25 | F10: =VLOOKUP(B10,'Điểm thực hành các buổi'!$B$3:$F$16,5,FALSE) -> 0.35 | G10: =VLOOKUP(B10,'Điểm bài tập lớn'!$B$3:$D$16,3,FALSE) -> 1 | H10: =VLOOKUP(B10,'Điểm lý thuyết'!$B$3:$D$16,3,FALSE) -> 4.5 | I10: =IF(H10=-3,0,SUM(D10:G10)+0.6*H10) -> 4.7 | J10: =IF(OR(G10=0,VALUE(LEFT(B10,1))>2),0,I10+VLOOKUP(VALUE(LEFT(B10,1)),'Tham chiếu & thống kê'!$E$3:$F$5,2,FALSE)) -> 5.7 | K10: =VLOOKUP(J10,'Tham chiếu & thống kê'!$A$3:$B$10,2,TRUE) -> C
A11: 5 | B11: 2B1605223 | C11: =VLOOKUP(B11,'Tham chiếu & thống kê'!B18:C31,2,FALSE) -> Lê Thị Trúc Linh | D11: =VLOOKUP(B11,'Điểm thực hành các buổi'!$B$3:$F$16,3,FALSE) -> 0.45 | E11: =VLOOKUP(B11,'Điểm thực hành các buổi'!$B$3:$F$16,4,FALSE) -> 0.4 | F11: =VLOOKUP(B11,'Điểm thực hành các buổi'!$B$3:$F$16,5,FALSE) -> 0.35 | G11: =VLOOKUP(B11,'Điểm bài tập lớn'!$B$3:$D$16,3,FALSE) -> 0.75 | H11: =VLOOKUP(B11,'Điểm lý thuyết'!$B$3:$D$16,3,FALSE) -> 5.5 | I11: =IF(H11=-3,0,SUM(D11:G11)+0.6*H11) -> 5.25 | J11: =IF(OR(G11=0,VALUE(LEFT(B11,1))>2),0,I11+VLOOKUP(VALUE(LEFT(B11,1)),'Tham chiếu & thống kê'!$E$3:$F$5,2,FALSE)) -> 5.5 | K11: =VLOOKUP(J11,'Tham chiếu & thống kê'!$A$3:$B$10,2,TRUE) -> C
A12: 6 | B12: 0B1605235 | C12: =VLOOKUP(B12,'Tham chiếu & thống kê'!B19:C32,2,FALSE) -> Phạm Thị Huỳnh | D12: =VLOOKUP(B12,'Điểm thực hành các buổi'!$B$3:$F$16,3,FALSE) -> 0.4 | E12: =VLOOKUP(B12,'Điểm thực hành các buổi'!$B$3:$F$16,4,FALSE) -> 0.45 | F12: =VLOOKUP(B12,'Điểm thực hành các buổi'!$B$3:$F$16,5,FALSE) -> 0.5 | G12: =VLOOKUP(B12,'Điểm bài tập lớn'!$B$3:$D$16,3,FALSE) -> 1.2 | H12: =VLOOKUP(B12,'Điểm lý thuyết'!$B$3:$D$16,3,FALSE) -> 7.5 | I12: =IF(H12=-3,0,SUM(D12:G12)+0.6*H12) -> 7.05 | J12: =IF(OR(G12=0,VALUE(LEFT(B12,1))>2),0,I12+VLOOKUP(VALUE(LEFT(B12,1)),'Tham chiếu & thống kê'!$E$3:$F$5,2,FALSE)) -> 8.05 | K12: =VLOOKUP(J12,'Tham chiếu & thống kê'!$A$3:$B$10,2,TRUE) -> B+
A13: 7 | B13: 0B1605249 | C13: =VLOOKUP(B13,'Tham chiếu & thống kê'!B20:C33,2,FALSE) -> Lê Minh Thông | D13: =VLOOKUP(B13,'Điểm thực hành các buổi'!$B$3:$F$16,3,FALSE) -> 0.4 | E13: =VLOOKUP(B13,'Điểm thực hành các buổi'!$B$3:$F$16,4,FALSE) -> 0.4 | F13: =VLOOKUP(B13,'Điểm thực hành các buổi'!$B$3:$F$16,5,FALSE) -> 0.4 | G13: =VLOOKUP(B13,'Điểm bài tập lớn'!$B$3:$D$16,3,FALSE) -> 1 | H13: =VLOOKUP(B13,'Điểm lý thuyết'!$B$3:$D$16,3,FALSE) -> 5.3 | I13: =IF(H13=-3,0,SUM(D13:G13)+0.6*H13) -> 5.38 | J13: =IF(OR(G13=0,VALUE(LEFT(B13,1))>2),0,I13+VLOOKUP(VALUE(LEFT(B13,1)),'Tham chiếu & thống kê'!$E$3:$F$5,2,FALSE)) -> 6.38 | K13: =VLOOKUP(J13,'Tham chiếu & thống kê'!$A$3:$B$10,2,TRUE) -> C
A14: 8 | B14: 0B1605285 | C14: =VLOOKUP(B14,'Tham chiếu & thống kê'!B21:C34,2,FALSE) -> Huỳnh Thị Diễm | D14: =VLOOKUP(B14,'Điểm thực hành các buổi'!$B$3:$F$16,3,FALSE) -> 0.45 | E14: =VLOOKUP(B14,'Điểm thực hành các buổi'!$B$3:$F$16,4,FALSE) -> 0.4 | F14: =VLOOKUP(B14,'Điểm thực hành các buổi'!$B$3:$F$16,5,FALSE) -> 0.45 | G14: =VLOOKUP(B14,'Điểm bài tập lớn'!$B$3:$D$16,3,FALSE) -> 0 | H14: =VLOOKUP(B14,'Điểm lý thuyết'!$B$3:$D$16,3,FALSE) -> 6.8 | I14: =IF(H14=-3,0,SUM(D14:G14)+0.6*H14) -> 5.38 | J14: =IF(OR(G14=0,VALUE(LEFT(B14,1))>2),0,I14+VLOOKUP(VALUE(LEFT(B14,1)),'Tham chiếu & thống kê'!$E$3:$F$5,2,FALSE)) -> 0 | K14: =VLOOKUP(J14,'Tham chiếu & thống kê'!$A$3:$B$10,2,TRUE) -> F
A15: 9 | B15: 0B1605291 | C15: =VLOOKUP(B15,'Tham chiếu & thống kê'!B22:C35,2,FALSE) -> Trần Thanh Nguyên | D15: =VLOOKUP(B15,'Điểm thực hành các buổi'!$B$3:$F$16,3,FALSE) -> 0.45 | E15: =VLOOKUP(B15,'Điểm thực hành các buổi'!$B$3:$F$16,4,FALSE) -> 0.4 | F15: =VLOOKUP(B15,'Điểm thực hành các buổi'!$B$3:$F$16,5,FALSE) -> 0.4 | G15: =VLOOKUP(B15,'Điểm bài tập lớn'!$B$3:$D$16,3,FALSE) -> 0.75 | H15: =VLOOKUP(B15,'Điểm lý thuyết'!$B$3:$D$16,3,FALSE) -> 6.3 | I15: =IF(H15=-3,0,SUM(D15:G15)+0.6*H15) -> 5.78 | J15: =IF(OR(G15=0,VALUE(LEFT(B15,1))>2),0,I15+VLOOKUP(VALUE(LEFT(B15,1)),'Tham chiếu & thống kê'!$E$3:$F$5,2,FALSE)) -> 6.78 | K15: =VLOOKUP(J15,'Tham chiếu & thống kê'!$A$3:$B$10,2,TRUE) -> C+
A16: 10 | B16: 1B1605344 | C16: =VLOOKUP(B16,'Tham chiếu & thống kê'!B23:C36,2,FALSE) -> Nguyễn Thị Đào | D16: =VLOOKUP(B16,'Điểm thực hành các buổi'!$B$3:$F$16,3,FALSE) -> 0.3 | E16: =VLOOKUP(B16,'Điểm thực hành các buổi'!$B$3:$F$16,4,FALSE) -> 0.5 | F16: =VLOOKUP(B16,'Điểm thực hành các buổi'!$B$3:$F$16,5,FALSE) -> 0.45 | G16: =VLOOKUP(B16,'Điểm bài tập lớn'!$B$3:$D$16,3,FALSE) -> 0.3 | H16: =VLOOKUP(B16,'Điểm lý thuyết'!$B$3:$D$16,3,FALSE) -> 8.3 | I16: =IF(H16=-3,0,SUM(D16:G16)+0.6*H16) -> 6.53 | J16: =IF(OR(G16=0,VALUE(LEFT(B16,1))>2),0,I16+VLOOKUP(VALUE(LEFT(B16,1)),'Tham chiếu & thống kê'!$E$3:$F$5,2,FALSE)) -> 7.03 | K16: =VLOOKUP(J16,'Tham chiếu & thống kê'!$A$3:$B$10,2,TRUE) -> B
A17: 11 | B17: 4B1607025 | C17: =VLOOKUP(B17,'Tham chiếu & thống kê'!B24:C37,2,FALSE) -> Nguyễn Chí Thanh | D17: =VLOOKUP(B17,'Điểm thực hành các buổi'!$B$3:$F$16,3,FALSE) -> 0.4 | E17: =VLOOKUP(B17,'Điểm thực hành các buổi'!$B$3:$F$16,4,FALSE) -> 0.45 | F17: =VLOOKUP(B17,'Điểm thực hành các buổi'!$B$3:$F$16,5,FALSE) -> 0.4 | G17: =VLOOKUP(B17,'Điểm bài tập lớn'!$B$3:$D$16,3,FALSE) -> 0.3 | H17: =VLOOKUP(B17,'Điểm lý thuyết'!$B$3:$D$16,3,FALSE) -> -3 | I17: =IF(H17=-3,0,SUM(D17:G17)+0.6*H17) -> 0 | J17: =IF(OR(G17=0,VALUE(LEFT(B17,1))>2),0,I17+VLOOKUP(VALUE(LEFT(B17,1)),'Tham chiếu & thống kê'!$E$3:$F$5,2,FALSE)) -> 0 | K17: =VLOOKUP(J17,'Tham chiếu & thống kê'!$A$3:$B$10,2,TRUE) -> F
A18: 12 | B18: 2B1609759 | C18: =VLOOKUP(B18,'Tham chiếu & thống kê'!B25:C38,2,FALSE) -> Nguyễn Hải Anh | D18: =VLOOKUP(B18,'Điểm thực hành các buổi'!$B$3:$F$16,3,FALSE) -> 0.5 | E18: =VLOOKUP(B18,'Điểm thực hành các buổi'!$B$3:$F$16,4,FALSE) -> 0.5 | F18: =VLOOKUP(B18,'Điểm thực hành các buổi'!$B$3:$F$16,5,FALSE) -> 0.45 | G18: =VLOOKUP(B18,'Điểm bài tập lớn'!$B$3:$D$16,3,FALSE) -> 1.5 | H18: =VLOOKUP(B18,'Điểm lý thuyết'!$B$3:$D$16,3,FALSE) -> 7 | I18: =IF(H18=-3,0,SUM(D18:G18)+0.6*H18) -> 7.15 | J18: =IF(OR(G18=0,VALUE(LEFT(B18,1))>2),0,I18+VLOOKUP(VALUE(LEFT(B18,1)),'Tham chiếu & thống kê'!$E$3:$F$5,2,FALSE)) -> 7.4 | K18: =VLOOKUP(J18,'Tham chiếu & thống kê'!$A$3:$B$10,2,TRUE) -> B
... A20: 14 | B20: 0B1609773 | C20: =VLOOKUP(B20,'Tham chiếu & thống kê'!B27:C40,2,FALSE) -> Nguyễn Duy Khanh | D20: =VLOOKUP(B20,'Điểm thực hành các buổi'!$B$3:$F$16,3,FALSE) -> 0.35 | E20: =VLOOKUP(B20,'Điểm thực hành các buổi'!$B$3:$F$16,4,FALSE) -> 0.4 | F20: =VLOOKUP(B20,'Điểm thực hành các buổi'!$B$3:$F$16,5,FALSE) -> 0 | G20: =VLOOKUP(B20,'Điểm bài tập lớn'!$B$3:$D$16,3,FALSE) -> 0.85 | H20: =VLOOKUP(B20,'Điểm lý thuyết'!$B$3:$D$16,3,FALSE) -> 6.5 | I20: =IF(H20=-3,0,SUM(D20:G20)+0.6*H20) -> 5.5 | J20: =IF(OR(G20=0,VALUE(LEFT(B20,1))>2),0,I20+VLOOKUP(VALUE(LEFT(B20,1)),'Tham chiếu & thống kê'!$E$3:$F$5,2,FALSE)) -> 6.5 | K20: =VLOOKUP(J20,'Tham chiếu & thống kê'!$A$3:$B$10,2,TRUE) -> C+

Sheet Điểm thực hành các buổi
A1: Điểm thực hành các buổi
A2: STT | B2: Mã SV | C2: Họ và tên | D2: Điểm TH 1 | E2: Điểm TH 2 | F2: Điểm TH 3
A3: 1 | B3: 0B1505719 | C3: Nguyễn Văn Hiếu | D3: 0.45 | E3: 0.25 | F3: 0.3
A4: 2 | B4: 1B1505915 | C4: Lý Minh Trí | D4: 0.5 | E4: 0.35 | F4: 0.4
A5: 3 | B5: 0B1509874 | C5: Nguyễn Kiều Mi | D5: 0.25 | E5: 0.25 | F5: 0.3
A6: 4 | B6: 0B1509929 | C6: Đặng Duy Linh | D6: 0.4 | E6: 0.25 | F6: 0.35
A7: 5 | B7: 2B1605223 | C7: Lê Thị Trúc Linh | D7: 0.45 | E7: 0.4 | F7: 0.35
A8: 6 | B8: 0B1605235 | C8: Phạm Thị Huỳnh | D8: 0.4 | E8: 0.45 | F8: 0.5
A9: 7 | B9: 0B1605249 | C9: Lê Minh Thông | D9: 0.4 | E9: 0.4 | F9: 0.4
A10: 8 | B10: 0B1605285 | C10: Huỳnh Thị Diễm | D10: 0.45 | E10: 0.4 | F10: 0.45
A11: 9 | B11: 0B1605291 | C11: Trần Thanh Nguyên | D11: 0.45 | E11: 0.4 | F11: 0.4
A12: 10 | B12: 1B1605344 | C12: Nguyễn Thị Đào | D12: 0.3 | E12: 0.5 | F12: 0.45
A13: 11 | B13: 4B1607025 | C13: Nguyễn Chí Thanh | D13: 0.4 | E13: 0.45 | F13: 0.4
A14: 12 | B14: 2B1609759 | C14: Nguyễn Hải Anh | D14: 0.5 | E14: 0.5 | F14: 0.45
... A16: 14 | B16: 0B1609773 | C16: Nguyễn Duy Khanh | D16: 0.35 | E16: 0.4 | F16: 0

Sheet Điểm bài tập lớn
A1: Điểm thực hành các buổi
A2: STT | B2: Mã SV | C2: Họ và tên | D2: Điểm BL lớn
A3: 1 | B3: 0B1505719 | C3: Nguyễn Văn Hiếu | D3: 0.5
A4: 2 | B4: 1B1505915 | C4: Lý Minh Trí | D4: 1
A5: 3 | B5: 0B1509874 | C5: Nguyễn Kiều Mi | D5: 0.5
A6: 4 | B6: 0B1509929 | C6: Đặng Duy Linh | D6: 1
A7: 5 | B7: 2B1605223 | C7: Lê Thị Trúc Linh | D7: 0.75
A8: 6 | B8: 0B1605235 | C8: Phạm Thị Huỳnh | D8: 1.2
A9: 7 | B9: 0B1605249 | C9: Lê Minh Thông | D9: 1
A10: 8 | B10: 0B1605285 | C10: Huỳnh Thị Diễm | D10: 0
A11: 9 | B11: 0B1605291 | C11: Trần Thanh Nguyên | D11: 0.75
A12: 10 | B12: 1B1605344 | C12: Nguyễn Thị Đào | D12: 0.3
A13: 11 | B13: 4B1607025 | C13: Nguyễn Chí Thanh | D13: 0.3
A14: 12 | B14: 2B1609759 | C14: Nguyễn Hải Anh | D14: 1.5
... A16: 14 | B16: 0B1609773 | C16: Nguyễn Duy Khanh | D16: 0.85

Sheet Điểm lý thuyết
A1: Điểm lý thuyết
A2: STT | B2: Mã SV | C2: Họ và tên | D2: Điểm lý thuyết
A3: 1 | B3: 0B1505719 | C3: Nguyễn Văn Hiếu | D3: 4.2
A4: 2 | B4: 1B1505915 | C4: Lý Minh Trí | D4: 5.8
A5: 3 | B5: 0B1509874 | C5: Nguyễn Kiều Mi | D5: 5.8
A6: 4 | B6: 0B1509929 | C6: Đặng Duy Linh | D6: 4.5
A7: 5 | B7: 2B1605223 | C7: Lê Thị Trúc Linh | D7: 5.5
A8: 6 | B8: 0B1605235 | C8: Phạm Thị Huỳnh | D8: 7.5
A9: 7 | B9: 0B1605249 | C9: Lê Minh Thông | D9: 5.3
A10: 8 | B10: 0B1605285 | C10: Huỳnh Thị Diễm | D10: 6.8
A11: 9 | B11: 0B1605291 | C11: Trần Thanh Nguyên | D11: 6.3
A12: 10 | B12: 1B1605344 | C12: Nguyễn Thị Đào | D12: 8.3
A13: 11 | B13: 4B1607025 | C13: Nguyễn Chí Thanh | D13: -3
A14: 12 | B14: 2B1609759 | C14: Nguyễn Hải Anh | D14: 7
... A16: 14 | B16: 0B1609773 | C16: Nguyễn Duy Khanh | D16: 6.5

Sheet Tham chiếu & thống kê
A1: Bảng quy đổi điểm | E1: Bảng Điểm Chuyên cần
A2: Điểm theo thang điểm 10 | B2: Điểm chữ | C2: Điểm theo thang điểm 4 | E2: Số buổi vắng | F2: Điểm CT
A3: 0 | B3: F | C3: 0 | E3: 0 | F3: 1
A4: 4 | B4: D | C4: 1 | E4: 1 | F4: 0.5
A5: 5 | B5: D+ | C5: 1.5 | E5: 2 | F5: 0.25
A6: 5.5 | B6: C | C6: 2
A7: 6.5 | B7: C+ | C7: 2.5
A8: 7 | B8: B | C8: 3
A9: 8 | B9: B+ | C9: 3.5
A10: 9 | B10: A | C10: 4
A12: Danh sách Sinh viên | E12: Bảng thống kê theo điểm chữ
A13: STT | B13: Mã SV | C13: Họ và Tên | E13: Điểm chữ | F13: số lượng sinh viên
A14: 1 | B14: 0B1505719 | C14: Nguyễn Văn Hiếu | E14: A | F14: =COUNTIF('Tổng hợp điểm'!$K$7:$K$20,"A") -> 0
A15: 2 | B15: 1B1505915 | C15: Lý Minh Trí | E15: B+ | F15: =COUNTIF('Tổng hợp điểm'!$K$7:$K$20,"B+") -> 1
A16: 3 | B16: 0B1509874 | C16: Nguyễn Kiều Mi | E16: B | F16: =COUNTIF('Tổng hợp điểm'!$K$7:$K$20,"B") -> 2
A17: 4 | B17: 0B1509929 | C17: Đặng Duy Linh | E17: C+ | F17: =COUNTIF('Tổng hợp điểm'!$K$7:$K$20,"C+") -> 2
A18: 5 | B18: 2B1605223 | C18: Lê Thị Trúc Linh | E18: C | F18: =COUNTIF('Tổng hợp điểm'!$K$7:$K$20,"C") -> 5
A19: 6 | B19: 0B1605235 | C19: Phạm Thị Huỳnh | E19: D+ | F19: =COUNTIF('Tổng hợp điểm'!$K$7:$K$20,"D+") -> 1
A20: 7 | B20: 0B1605249 | C20: Lê Minh Thông | E20: D | F20: =COUNTIF('Tổng hợp điểm'!$K$7:$K$20,"D") -> 0
A21: 8 | B21: 0B1605285 | C21: Huỳnh Thị Diễm | E21: F | F21: =COUNTIF('Tổng hợp điểm'!$K$7:$K$20,"F") -> 3
A22: 9 | B22: 0B1605291 | C22: Trần Thanh Nguyên
A23: 10 | B23: 1B1605344 | C23: Nguyễn Thị Đào | E23: Bảng thống kê SV
A24: 11 | B24: 4B1607025 | C24: Nguyễn Chí Thanh | E24: Số sinh viên điểm BT lớn =0 hoặc điểm LT =-3 | F24: =SUM(COUNTIF('Tổng hợp điểm'!G7:G20,0),COUNTIF('Tổng hợp điểm'!H7:H20,-3)) -> 3 | H24: so sinh vien
A25: 12 | B25: 2B1609759 | C25: Nguyễn Hải Anh | H25: =AND('Tổng hợp điểm'!J7>=7,OR('Tổng hợp điểm'!K7="A",'Tổng hợp điểm'!K7="B+")) -> FALSE
A26: 13 | B26: 5B1609765 | C26: Trần Nam Dương
A27: 14 | B27: 0B1609773 | C27: Nguyễn Duy Khanh | E27: Số SV nghỉ TH >2 | F27: {=SUMPRODUCT(--(VALUE(LEFT('Tổng hợp điểm'!B7:B20, 1)) > 2))} -> 2
E28: Sinh viên có điểm theo thang điểm 10>7 và có điểm chữ là B+ hoặc A | F28: =DCOUNT('Tổng hợp điểm'!A6:K20,'Tổng hợp điểm'!J6,'Tham chiếu & thống kê'!H24:H25) -> 1

Sheet Sinh viên điểm >=7
A1: SINH VIÊN CÓ ĐIỂM BẰNG CHỮ <7
A2: STT | B2: Mã sinh viên | C2: Họ và tên | D2: Điểm theo chữ
A3: 1 | B3: {=_xlfn._xlws.FILTER('Tổng hợp điểm'!B7:B20,('Tổng hợp điểm'!J7:J20>=7)*(('Tổng hợp điểm'!K7:K20="B+")+('Tổng hợp điểm'!K7:K20="A")))} -> 0B1605235 | C3: {=_xlfn._xlws.FILTER('Tổng hợp điểm'!C7:C20,('Tổng hợp điểm'!J7:J20>=7) * (('Tổng hợp điểm'!K7:K20="B+") +('Tổng hợp điểm'!K7:K20="A")))} -> Phạm Thị Huỳnh | D3: {=_xlfn._xlws.FILTER('Tổng hợp điểm'!J7:J20,('Tổng hợp điểm'!J7:J20>=7)*(('Tổng hợp điểm'!K7:K20="B+")+('Tổng hợp điểm'!K7:K20="A")))} -> 8.05

Sheet Sinh viên điểm <7
A1: SINH VIÊN CÓ ĐIỂM BẰNG CHỮ <7
A2: STT | B2: Mã sinh viên | C2: Họ và tên | D2: Điểm theo chữ
A3: 1 | B3: {=_xlfn._xlws.FILTER('Tổng hợp điểm'!B7:B20,'Tổng hợp điểm'!J7:J20<7)} -> 0B1505719 | C3: {=_xlfn._xlws.FILTER('Tổng hợp điểm'!C7:C20,'Tổng hợp điểm'!J7:J20<7)} -> Nguyễn Văn Hiếu | D3: {=_xlfn._xlws.FILTER('Tổng hợp điểm'!J7:J20,'Tổng hợp điểm'!J7:J20<7)} -> 5.02
A4: 2 | B4: 1B1505915 | C4: Lý Minh Trí | D4: 6.23
A5: 3 | B5: 0B1509874 | C5: Nguyễn Kiều Mi | D5: 5.78
A6: 4 | B6: 0B1509929 | C6: Đặng Duy Linh | D6: 5.7
A7: 5 | B7: 2B1605223 | C7: Lê Thị Trúc Linh | D7: 5.5
A8: 6 | B8: 0B1605249 | C8: Lê Minh Thông | D8: 6.38
A9: 7 | B9: 0B1605285 | C9: Huỳnh Thị Diễm | D9: 0
A10: 8 | B10: 0B1605291 | C10: Trần Thanh Nguyên | D10: 6.78
A11: 9 | B11: 4B1607025 | C11: Nguyễn Chí Thanh | D11: 0
A12: 10 | B12: 5B1609765 | C12: Trần Nam Dương | D12: 0
A13: 11 | B13: 0B1609773 | C13: Nguyễn Duy Khanh | D13: 6.5
